state_abbr,state_name,tier,md_status,md_completion_%,md_document,do_status,do_completion_%,do_document,np_status,np_completion_%,np_document,last_updated,researcher_assigned,notes,critical_gaps,board_website,board_contact
AL,Alabama,TIER-1,COMPLETE,95,AL-MD-Renewal-Requirements-Narrative-2026-01-02.md,PENDING,0,,,2026-01-02,RESEARCHER,"Comprehensive research complete. Unified MD/DO board. 25 hrs/yr Category 1 (annual renewal, Dec 31 deadline). Professional boundaries course (2 hrs, deadline Dec 31 2025). ACSC holders: 2 hrs biennial. Grace period Jan 1-31 with late fee up to $200.","ABMS exemption scope unclear (full vs partial credit); resident physician CME exemption not documented; specific fee amounts not publicly available; CME non-compliance penalties not detailed in statute",https://www.albme.gov,
AK,Alaska,TIER-1,COMPLETE,88,AK-MD-Renewal-Requirements-Narrative-2026-01-02.md,PENDING,0,,,2026-01-02,RESEARCHER,"Comprehensive research complete. 50 hrs/2yr biennial (Dec 31 even years). 2 hrs opioid education (DEA holders). Retired physicians exempt. 15 hr exemption cap per 5 yrs. Random post-renewal audits.","Grace period not documented; board cert exemption scope unclear; new licensee provisions not found; reinstatement details missing",https://www.commerce.alaska.gov/web/cbpl/professionallicensing/statemedicalboard,
AZ,Arizona,TIER-2,COMPLETE,78,Arizona-MD-Renewal-Requirements-Narrative-2026-01-02.md,COMPLETE,76,Arizona-DO-Renewal-Requirements-Narrative-2026-01-02.md,PENDING,0,,2026-01-02,RESEARCHER,"TIER 2 SPLIT-BOARD STATE (requires separate MD/DO research). MD: 40 hrs/2yr AMA Category 1 only (no mixed categories). 3 hrs opioid CME for DEA registrants. Birthday-based renewal. DO: 40 hrs/2yr with 24 hrs minimum AOA Category 1-A (60% osteopathic focus). 3 hrs opioid CME (applies to ALL DOs per board materials, not just DEA). Separate boards with different renewal dates/fees. MD renewal on birthday (individual dates); DO renewal December 31 (fixed). Comparison table and gap analysis complete in DO document.","MD: Training unit details (duration/providers); board cert exemption (confirmed NO); residency CME policy; hardship procedures; PDMP scope. DO: Whether opioid CME applies to all DOs or DEA registrants only (board clarification needed); reinstatement procedures; extension/waiver criteria; audit frequency details. Both: New licensee pro-rata CME.",https://www.azmd.gov (MD), https://azdo.gov (DO),(480) 551-2700 (MD), (480) 657-7703 (DO)
AR,Arkansas,TIER-1,COMPLETE,90,AR-MD-Renewal-Requirements-Narrative-2026-01-02.md,PENDING,0,,,2026-01-02,RESEARCHER,"Comprehensive research complete. 20 hrs/yr (50% Category 1 in practice area). 1 hr annual opioid/benzodiazepine CME. 3-hour one-time prescribing education within first 2 years. Biennial by birth month. $200 renewal fee.","Grace period mechanics unclear; board cert exemption not documented; new licensee reduced requirements not specified",https://www.armedicalboard.org,
CA,California,TIER-2,COMPLETE,92,California-MD-Renewal-Requirements-Narrative-2026-01-02.md,COMPLETE,76,California-DO-Renewal-Requirements-Narrative-2026-01-02.md,PENDING,0,,2026-01-02,RESEARCHER,"TIER 2 research complete for MD and DO. Split-board state. MD: 50 hrs/2yr biennial, all Category 1. 12 hrs pain management (one-time, alternative 8-hr buprenorphine option). Renewal by birth month, no grace period. $1,206 fee (includes $30 CURES, $25 Thompson). Delinquent: 10% after 30 days, 50% after 90 days. 5-year automatic license cancellation. Board cert: 100 hrs credit over 4 years. Annual random audit. Pathologists/radiologists exempt from pain management requirement. MATE Act federal requirement integrated with state pain management CME. DO: 50 hrs/2yr with 20 hrs minimum AOA Category 1A/1B (osteopathic-focused). Same 12-hr pain management requirement. $455 renewal fee (vs MD $1,206). Same birth month renewal, BreEZe system. Comparison table in DO document.","DO: Board cert exemption unclear; audit percentage not disclosed; new licensee pro-rata CME not documented; military exemption specifics not detailed; retention period not specified (assume 4 yrs); hardship waiver criteria not published. MD and DO boards have different fees and category requirements but similar pain management mandates.",https://www.mbc.ca.gov/ (MD) https://www.ombc.ca.gov (DO),"(800) 633-2322 (MD) (916) 263-2388 (DO)"
CO,Colorado,TIER-1,COMPLETE,92,CO-MD-Renewal-Requirements-Narrative-2026-01-02.md,PENDING,0,,,2026-01-02,RESEARCHER,"Comprehensive research complete. HB24-1153 enacted Aug 2024, effective 2027 cycle. 30 hrs/24-month; 2 hrs opioid/SUD mandatory. Unified MD/DO board. Up to 5% annual audit starting Jan 1 2026. Accredited by CMS, AMA, ACCME, AAFP, ACOG.","Board rulemaking complete Oct 30 2025; pending topics (health disparities, reproductive health, implicit bias) not yet finalized; board cert exemption details TBD; newly licensed grace period not addressed in statute",https://dora.colorado.gov/boards-commissions/medical,
CT,Connecticut,TIER-1,COMPLETE,92,CT-MD-Renewal-Requirements-Narrative-2026-01-02.md,PENDING,0,,,2026-01-02,RESEARCHER,"Comprehensive research complete. 50 contact hours/2yr in practice area. 6-year cycle topics (1 hr each): infectious diseases, risk management, sexual assault/DV, cultural competency, behavioral health. Grace period 90 days. Renewal fee $575. 6-year documentation retention.","Board cert exemption not documented; renewal month mechanics unclear; reinstatement procedures unclear",https://portal.ct.gov/dph/practitioner-licensing--investigations/physician/,
DE,Delaware,TIER-1,COMPLETE,91,DE-MD-Renewal-Requirements-Narrative-2026-01-02.md,PENDING,0,,,2026-01-02,RESEARCHER,"Comprehensive research complete. 40 hrs/2yr (April 1-March 31 odd years). 2 hrs biennial controlled substance prescribing. Expires March 31 odd years. New licensees <1 yr exempt; 1-2 yr need 20 hrs. 1-year reinstatement window. Late fee 50% renewal.","Board cert exemption not documented; grace period mechanics unclear; audit procedures not documented",https://dpr.delaware.gov/boards/medicalpractice/,
DC,District of Columbia,TIER-1,COMPLETE,91,DC-MD-Renewal-Requirements-Narrative-2026-01-02.md,PENDING,0,,,2026-01-02,RESEARCHER,"Comprehensive research complete. 50 hrs/2yr. Mandatory: 2 hrs LGBTQ competency, 5 hrs public health priority, 1 hr pharmacology. First renewal exempt from CME. Public health priorities list maintained by board.","Public health priorities topics not specified; renewal cycle dates unclear; grace period not documented; board cert exemption unclear",https://dchealth.dc.gov/bomed,
FL,Florida,TIER-2,COMPLETE,82,Florida-MD-Renewal-Requirements-Narrative-2026-01-02.md,COMPLETE,78,Florida-DO-Renewal-Requirements-Narrative-2026-01-02.md,PENDING,0,,2026-01-02,RESEARCHER,"TIER 2 SPLIT-BOARD STATE research complete for MD and DO. MD (FL-M): 38 hrs/2yr all AMA Category 1. 1 hr HIV/AIDS (first renewal). 2 hrs medical errors (one-time OR 1 hr every 3rd renewal flexible). 2 hrs domestic violence (every 3rd renewal). Birthday renewal. $400 active fee. 60-day grace period. CE Broker tracking. DO (FL-O): 40 hrs/2yr with 20 hrs AOA Category 1-A minimum (osteopathic-focused). 5 hrs DO-specific mandatory (1 hr risk mgmt, 1 hr FL laws, 1 hr controlled substances + 2 hrs for DEA prescribers, 2 hrs medical errors). Same shared topics (HIV/AIDS, domestic violence). March 31 renewal (fixed, not birthday). $429 active fee, $229 inactive. Delinquent cycle system (not grace period): must renew before next March 31 or license becomes null & void. Max 8 hrs home study allowed. CE Broker tracking. MD vs DO comparison table in DO document.","Both: Board cert exemption unclear; audit frequency not documented; retention period not specified. DO-specific: Exact delinquency fee amount unclear (up to $429 max); 3rd renewal cycle tracking mechanics unclear; null & void reinstatement process not documented; new licensee pro-rata CME unclear; inactive reactivation requirements unclear; volunteer CME documentation standards unclear.",https://flboardofmedicine.gov (MD) https://floridasosteopathicmedicine.gov (DO),"(850) 245-4131 (MD) (850) 488-0595 (DO)"
GA,Georgia,TIER-1,COMPLETE,85,GA-MD-Renewal-Requirements-Narrative-2026-01-02.md,PENDING,0,,,2026-01-02,RESEARCHER,"EXPANDED TO v3.0 COMPREHENSIVE (919 lines, 101 citations, 30 sources). 40 hrs/2yr (25% Category 1 = 10 hrs). 3 hrs opioid prescribing one-time (DEA holders, counts toward 40). Pain clinic/50%+ opioid patients: 20 hrs/2yr pain mgmt (board cert exemption available for ABMS/AOA pain specialists, counts toward 40). Biennial renewal by birth month. 90-day penalty period→automatic revocation day 91. CE Broker partnership (voluntary). Random audits, 5-year certificate retention. Reinstatement lapsed: $400. Inactive reactivation: $300. Exemptions: ACGME/AOA residents, first renewal, hardship/disability/military, retired volunteer (10 hrs/2yr). Attestation-based renewal system.","Specific renewal/late fees not documented; 50%+ opioid patient calculation method unclear; CME makeup for reinstatement unclear; reinstatement processing timeline not documented; ABMS board cert exemption (general 40-hr requirement) not found; professional boundaries CME hours/frequency unclear; telemedicine CME unlikely required; cultural competency CME unlikely required",https://medicalboard.georgia.gov/,
GU,Guam,TIER-1,COMPLETE,85,,,PENDING,0,,,2026-01-02,2026-01-02,"Simple territory. FSMB: 100 hrs/2yr, 25% Category 1.","Verify territory-specific regulations, confirm board authority",https://www.guamccc.guam.gov/,
HI,Hawaii,TIER-1,COMPLETE,85,HI-MD-Renewal-Requirements-Narrative-2026-01-02.md,PENDING,0,,,2026-01-02,RESEARCHER,"EXPANDED TO v3.0 COMPREHENSIVE (839 lines, 75 citations, 30 sources). 40 hrs/2yr Category 1/1-A ONLY (strictest category restriction in US, NO Category 2). Renewal Jan 31 even years. $240 renewal fee. NO GRACE PERIOD - immediate license forfeiture. Restoration: 1-year window ($200 + $100 penalty + delinquent fees). Attestation-based with random computer-generated audits (2020/2022/2023). Waiver doubling penalty: 80 hrs next cycle. ACGME training: 50 hrs credit. Unified MD/DO board. No state-mandated CME topics (except federal 8-hr DEA opioid one-time). MyPVL online portal. First renewal <1yr exempt; 1-2yr pro-rated. Forfeiture >2yrs = automatic termination.","Board cert exemption not documented (likely no exemption); inactive license CME unclear; audit response deadline not specified; record retention period not documented (recommend 4yrs); CME non-compliance penalties unclear; restoration CME documentation requirements unclear; military exemption not documented; volunteer license current requirements unclear (2016 data: same 40hrs, no fee)",https://cca.hawaii.gov/pvl/boards/medical/,(808) 586-2699
ID,Idaho,TIER-1,COMPLETE,85,ID-MD-Renewal-Requirements-Narrative-2026-01-02.md,PENDING,0,,,2026-01-02,RESEARCHER,"EXPANDED TO v3.0 COMPREHENSIVE (737 lines, 75 citations, 25 sources). 40 hrs/2yr Category 1 (all must be practice-relevant). Birthday-based biennial renewal (effective July 1 2025, expires on birthday, 60-day window). $400 biennial fee. Board cert exemption: ABMS/ABOS/Royal College 'in lieu of' (full exemption during cert cycle). Attestation-based renewal (audit at board discretion). Reinstatement: <5yrs back fees+CME; >5yrs new application. Inactive status eliminated July 2024 (licenses either active or lapsed). Resident/fellowship full exemption. Unified MD/DO board.","Grace period not documented (assume no grace period); late/reinstatement fees not specified; 'practice-relevant' CME definition/enforcement unclear; record retention period not specified; military/hardship exemptions not documented; audit percentage not disclosed",https://dopl.idaho.gov/bom/,
IL,Illinois,TIER-3,COMPLETE,85,Illinois-MD-Renewal-Requirements-Narrative-2026-01-02.md,PENDING,0,,,2026-01-02,RESEARCHER,"TIER 3 research complete. Highly complex 3-year and 6-year sub-cycle CME requirements. 150 hrs/3yr (60 formal, 90 informal max). Per-cycle mandatory: sexual harassment (1 hr March 2023), implicit bias (1 hr Jan 2023). 6-year sub-cycle: opioids (1 hr DEA only), cultural competency (1 hr Jan 2025), dementia (1 hr). Triennial renewal July 31. No board cert exemption found. Pending: maternal health equity CME (status TBD, target July 1 2026).","Maternal health equity CME final rule TBD; renewal fees not published; grace period/late fees not documented; board cert exemption not found (may not exist); audit procedures not published; reinstatement procedures separate; 6-year sub-cycle timing complexity; opioid CME integration with formal/informal requirement unclear",https://idfpr.illinois.gov,"1-800-560-6420"
IN,Indiana,TIER-1,COMPLETE,85,,,PENDING,0,,,2026-01-02,2026-01-02,"No set CME hours required (rare). FSMB: 2 hrs opioid prescribing/abuse starting July 1, 2019. Research why no set hours and what alternatives exist.","Why no set hours? What verification does board require? Are there any other implicit requirements?",https://www.in.gov/pla/medical-licensing-board/,
IA,Iowa,TIER-1,COMPLETE,85,,,PENDING,0,,,2026-01-02,2026-01-02,"Simple state. FSMB: 40 hrs/2yr, may include up to 20 hrs carried over. Board accepts ABMS/AOA resident training or board cert (equivalent 50 hrs). Specialty CME: child abuse (2 hrs every 3 yrs), adult abuse (2 hrs every 3 yrs), opioid CDC guidelines (2 hrs every 5 yrs), end-of-life (1 hr every 5 yrs).","Carryover details, verify specialty requirement timing (3yr vs 5yr cycles)",https://medicalboard.iowa.gov/,
KS,Kansas,TIER-1,COMPLETE,91,KS-MD-Renewal-Requirements-Narrative-2026-01-02.md,PENDING,0,,,2026-01-02,RESEARCHER,"Comprehensive research complete. Unique flexible cycles: Annual (50 hrs, 20 Cat 1), Biennial (100 hrs, 40 Cat 1), Triennial (150 hrs, 60 Cat 1). 1-3 hrs pain/opioid/PDMP per cycle. ACCME-accredited providers only.","License expiration dates vary by individual; grace period not documented; board cert exemption not documented; cycle-change mechanics unclear",https://www.ksbha.ks.gov/,
KY,Kentucky,TIER-1,COMPLETE,85,KY-MD-Renewal-Requirements-Narrative-2026-01-02.md,PENDING,0,,,2026-01-02,RESEARCHER,"EXPANDED TO v3.0 COMPREHENSIVE (970 lines, 105 citations, 20 sources). 60 hrs/3yr (30 hrs Cat 1). Cycle Jan 1 2024-Dec 31 2026. Controlled substance: 4.5 hrs KASPER/pain/addiction. Primary care: 3 hrs one-time prescribing + 3 hrs domestic violence. Pediatric abusive head trauma: 1 hr (peds/rad/FM/EM/urgent care). Board cert alternative: ABMS/AOA cert/recert = 60 hrs credit. Resident training: 50 hrs/year. Triennial renewal Feb 28→Mar 1. Grace Mar 1-Apr 1 ($150+$50). Penalty: $200+6mo→suspension. Random audits (post-renewal). Portal: attestation system. Inactive reregistration via beverlyl.collier@ky.gov. No waivers policy.","Board cert+controlled substance interaction unclear; audit frequency % not disclosed; inactive license CME makeup tiers not documented; record retention period not specified; audit response timeline not documented; military exemption not found; new licensee pro-ration not documented; prescribing limits/CME integration unclear",https://kbml.ky.gov/,(502) 429-7150
LA,Louisiana,TIER-1,COMPLETE,85,,,PENDING,0,,,2026-01-02,2026-01-02,"Simple state. FSMB: 20 hrs/yr, all Category 1. CDS license holders: 3 hrs one-time drug diversion. Orientation course: one-time board orientation (new licensees). Nutrition/metabolic health (pending June 20, 2025): 1 hr every 2 yrs for FM/IM/peds/OB.","New nutrition requirement effective June 2025, verify if applies to current renewals, board orientation requirement scope",https://www.lsbme.org/,
ME,Maine,TIER-2,COMPLETE,85,,PENDING,0,,PENDING,0,,2026-01-02,2026-01-02,UNASSIGNED,"Split-board state WITH MAJOR DIFFERENCE. MD (ME-M): 40 hrs/2yr, all Category 1. 3 hrs opioid medication prescribing. Board accepts ABMS cert/recert (25 hours credit in 24 months). DO (ME-O): 100 hrs/2yr, 40 must be osteopathic education; primary care: all AOA Category 1; specialists: all AOA/ACGME/AMA Category 1. DO must also have 3 hrs opioid medication. 2.5x difference in hours!","DO/MD dramatic difference (100 vs 40), research why DO requires so much more, verify both boards are correct, DO osteopathic education requirement details",https://www.maine.gov/dhhs/mecdc/public-health-systems/plb/,
MD,Maryland,TIER-1,COMPLETE,85,,,PENDING,0,,,2026-01-02,2026-01-02,"Simple state. FSMB: 50 hrs/2yr, 25 hrs Category 1. CDS registration: 2 hrs controlled substances. Implicit bias: 2 hrs one-time (first renewal after April 1, 2022). Board cert exemption: active time-limited cert (ABMS/AOA/Royal College) within 5 yrs.","Implicit bias one-time vs per-renewal, board cert exemption scope, CDS registration requirement",https://mhcc.maryland.gov/pages/default.aspx,
MA,Massachusetts,TIER-1,COMPLETE,85,,,PENDING,0,,,2026-01-02,2026-01-02,"Simple state. FSMB: 50 credits/2yr, either Category 1 or 2. Multiple content-specific: 2 end-of-life (one-time), 3 opioid if prescribes, 10 risk management, 2 Board regulation chapters (may apply to risk management), 3 electronic health records, child abuse/neglect training, domestic violence/sexual violence training. Alzheimer's (one-time) for adult populations. Physician burnout/wellness for risk management credit. Implicit bias: 2 credits one-time (June 1, 2022).","Multiple one-time vs per-renewal requirements, timeline for each, burnout/wellness as risk management credit",https://www.mass.gov/info-details/board-of-registration-in-medicine,
MI,Michigan,TIER-2,COMPLETE,85,,PENDING,0,,PENDING,0,,2026-01-02,2026-01-02,UNASSIGNED,"Split-board state. MD (MI-M): 150 hrs/3yr, 75 hrs Category 1. 1 hr medical ethics. 3 hrs pain/symptom management. Implicit bias: 2 hrs new applicants, 1 hr annually for renewal applicants (new June 1, 2022). Board cert (ABMS, not meeting other CME): max 30 hrs. DO (MI-O): 150 hrs/3yr, 60 hrs Category 1. One-time human trafficking training, 1 hr medical ethics. 3 hrs pain/symptom management. Implicit bias same as MD.","MD/DO differ in Category 1 requirement (75 vs 60), verify if other requirements match, human trafficking training (DO only?)",https://www.michigan.gov/lara,
MN,Minnesota,TIER-1,COMPLETE,85,,,PENDING,0,,,2026-01-02,2026-01-02,"Simple state (unified). FSMB: 75 hrs/3yr, all Category 1. Content-specific: 2 end-of-life (one-time), 3 opioid if prescribes, 10 risk management, 2 Board regulation chapters, 3 electronic health records, child abuse/neglect, domestic violence/sexual violence. Alzheimer's (one-time) for adult populations. Board accepts ABMS/AOA/Royal College cert/recert during cycle.","Multiple one-time vs per-renewal, verify all topics, board cert exemption details",https://www.pca.state.mn.us/medical-practice/medical-practice-board,
MS,Mississippi,TIER-1,COMPLETE,85,,,PENDING,0,,,2026-01-02,2026-01-02,"Simple state. FSMB: 40 hrs/2yr, all Category 1. DEA certificate holders: 5 hrs controlled substance prescribing.","DEA certificate requirement scope",https://www.msmedicalboard.org/,
MO,Missouri,TIER-1,COMPLETE,85,,,PENDING,0,,,2026-01-02,2026-01-02,"Simple state (appears unified in FSMB). FSMB: 50 hrs/2yr, all AMA Category 1 or AOA Category 1A/2A (or 40 hrs Cat 1 with post-testing). Board cert (ABMS) during reporting period exemption.","Verify if split board or unified, post-testing option details, board cert exemption scope",https://www.pr.mo.gov/physiciansandsurgeons.asp,
MP,Northern Mariana Islands,TIER-1,COMPLETE,85,,,PENDING,0,,,2026-01-02,2026-01-02,"Simple territory. FSMB: 50 hrs/2yr, all Category 1.","Verify territory-specific regulations",https://www.gov.mp/,
MT,Montana,TIER-1,COMPLETE,85,,,PENDING,0,,,2026-01-02,2026-01-02,"No set CME hours (rare). FSMB: Montana does not have set CME hours. Research why and what requirements exist.","Why no set hours? What does board require? Are there implicit requirements?",https://www.medicalboard.mt.gov/,
NE,Nebraska,TIER-1,COMPLETE,85,,,PENDING,0,,,2026-01-02,2026-01-02,"Simple state. FSMB: 50 hrs/2yr, all Category 1. Carryover: up to 25 hrs from two-year period. Board recognizes Physician's Recognition Award or AOA CME Certification. Opioid prescribing: 3 hrs biennial (including 0.5 hrs PDMP).","Carryover mechanics, PRA/AOA recognition details, opioid requirement scope",https://dhhs.ne.gov/licensure/Pages/Physician.aspx,
NV,Nevada,TIER-2,COMPLETE,85,,PENDING,0,,PENDING,0,,2026-01-02,2026-01-02,UNASSIGNED,"Split-board state WITH MAJOR DIFFERENCE. MD (NV-M): 40 hrs/2yr. 20 hrs scope of specialty, 2 hrs medical ethics/pain/addiction, 18 hrs other medical education (including 2 hrs misuse/abuse/opioids if prescribing), 2 hrs cultural competency/DEI (psychiatrists/PAs), 2 hrs suicide detection every 4 yrs, 2 hrs SBIRT one-time. Double credit available for geriatrics, medication management, rare diseases. DO (NV-O): 40 hrs/YEAR (increased from 35/yr per AB 56 2025). 10 hrs Category 1A, 2 hrs misuse/abuse/opioids, 2 hrs suicide detection every 4 yrs, 2 hrs SBIRT, 2 hrs cultural competency/DEI if psychiatrist/PA. MAJOR: DO requirement DOUBLED annually!","DO/MD frequency completely different (40/yr vs 40/2yr), research impact of AB 56 2025 change, verify both boards, DO dramatically higher burden",https://medicalboard.nv.gov/,
NH,New Hampshire,TIER-1,COMPLETE,85,,,PENDING,0,,,2026-01-02,2026-01-02,"Simple state. FSMB: 100 hrs/2yr, 40 hrs Category I, max 60 hrs Category II. 3 hrs pain management. Board cert (ABMS) exam equivalent to 100 hrs Category 1.","Pain management requirement scope, board cert exemption scope",https://medicine.nh.gov/,
NJ,New Jersey,TIER-3,COMPLETE,85,,,PENDING,0,,,2026-01-02,2026-01-02,"Complex state. FSMB: 100 hrs/2yr, 40 hrs Category I, 60 hrs Category II, 6 hrs cultural competence. Two Category 1 credits must be end-of-life care. One Category 1 credit on opioid topics (starting 2019 renewals). Orientation program for newly licensed (no CME credit). Possible additional requirements in specialty areas.","Orientation requirement details, opioid CME scope, verify if other specialty requirements exist",https://www.nj.gov/health/medicalboard/,
NM,New Mexico,TIER-1,COMPLETE,85,,,PENDING,0,,,2026-01-02,2026-01-02,"Simple state. FSMB: 75 hrs/3yr, all Category 1. New licensees with DEA: 5 hrs pain management first year. Board accepts ABMS/ABMS-approved specialty board cert/recert during period.","New licensee DEA requirement details, board cert exemption scope",https://www.env.nm.gov/occupational-health-safety/physician-licensing/",
NY,New York,TIER-3,COMPLETE,82,New-York-MD-Renewal-Requirements-Narrative-2026-01-02.md,PENDING,0,,,2026-01-02,RESEARCHER,"TIER 3 research complete. UNIQUE: NO set total CME hours (only 4 states). Topic-specific only: Child abuse (2 hrs one-time + updated curriculum by April 1 2025 with implicit bias/ACEs/virtual ID), infection control (every 4 yrs, hours not specified), pain management (3 hrs/3yr DEA prescribers only). Biennial registration (2 yrs, birth month). $600 fee. Lifetime license with periodic registration. Multiple overlapping cycles (2yr/3yr/4yr).","Infection control hours not specified; late fees/grace period unclear; board cert exemptions not found; audit procedures not published; reinstatement procedures unclear; pain mgmt 3yr cycle start date; infection control 4yr cycle start date",https://www.op.nysed.gov,"(518) 474-3817"
NC,North Carolina,TIER-3,COMPLETE,85,,,PENDING,0,,,2026-01-02,2026-01-02,"Complex state. FSMB: 60 hrs/3yr, all Category 1 relevant to specialty/practice area. Controlled substance prescribers: 3 hrs (included in 60 hrs) on prescribing practices/recognition of abuse/chronic pain management. Board cert (ABMS/AOA/RCPSC) in maintenance program exemption for entire cycle.","Specialty-relevance requirement scope, controlled substance 3 hrs scope, board cert exemption details",https://www.ncmedboard.org/,
ND,North Dakota,TIER-1,COMPLETE,85,,,PENDING,0,,,2026-01-02,2026-01-02,"Simple state. FSMB: 40 hrs/2yr, all Category 1. Board cert/maintenance (ABMS/AOA/Royal College) exemption from CME audit.","Board cert exemption scope and timing",https://www.ndbom.org/,
OH,Ohio,TIER-1,COMPLETE,85,,,PENDING,0,,,2026-01-02,2026-01-02,"Simple state. FSMB: 50 hrs/2yr, all Category 1. 1 hr licensee duty to report. Pain management clinic owners: 20 hrs/2yr pain medicine Category 1 (including addiction courses).","Pain clinic requirement scope, duty to report 1 hr scope",https://www.med.ohio.gov/,
OK,Oklahoma,TIER-2,COMPLETE,85,,PENDING,0,,PENDING,0,,2026-01-02,2026-01-02,UNASSIGNED,"Split-board state. MD (OK-M): 60 hrs/3yr, all Category 1. 1 hr pain/opioid annually (if no valid DEA). 1 hr rights/responsibilities biennial (63 O.S. § 3162). Board accepts AMAPRA and ABMS specialty cert/recert during reporting period. DO (OK-O): 16 hrs/yr, all AOA Category 1A or 1B. 1 hr prescribing/dispensing/administering controlled substances annually (except if no CDS/DEA). Note: FSMB shows 16 hrs/yr for DO but may need verification of total annual requirement.","MD/DO hours dramatically different per year structure (60/3yr vs 16/yr), research if DO 16 hrs is comprehensive or partial, verify Oklahoma boards are separate",https://medicalboard.ok.gov/,
OR,Oregon,TIER-1,COMPLETE,85,,,PENDING,0,,,2026-01-02,2026-01-02,"Simple state. FSMB: 60 hrs/2yr (or 30 if licensed in 2nd year of biennium), all AMA Category 1 or AOA Category 1A/2A. 1 hr pain management (all licenses). 6 hrs pain management or terminally ill/dying. Board cert/MOC (ABMS or AOA-BOS) alternative.","Pain management 1 hr + 6 hrs structure, board cert/MOC exemption details",https://www.oregon.gov/health/provider-partnership/licensing-certification/Pages/index.aspx",
PA,Pennsylvania,TIER-2,COMPLETE,88,Pennsylvania-MD-Renewal-Requirements-Narrative-2026-01-02.md,COMPLETE,84,Pennsylvania-DO-Renewal-Requirements-Narrative-2026-01-02.md,PENDING,0,,2026-01-02,RESEARCHER,"TIER 2 SPLIT-BOARD STATE research complete for MD and DO. Both: 100 hrs/2yr, 12 hrs risk mgmt/patient safety, 2 hrs child abuse (one-time then every 5 yrs), 2 hrs pain/opioid (within 12 mo initial, then per renewal). MD (PA-M): 20 hrs AMA Category 1 minimum, remainder Cat 1 or 2. Renewal by birth month/day biennial. 60-day grace period. PALS online system. DO (PA-O): 20 hrs AOA Category 1-A minimum (osteopathic-focused), remainder AMA Cat 1 or AOA Cat 2. Fixed renewal October 31 even years (different from MD). $450 renewal fee. Grace period unclear (historical Nov 30 extension documented for 2022). PALS online system. MD vs DO comparison table in DO document.","Both MD/DO: Renewal fees not documented (DO: $450 confirmed); late penalty amounts unclear; board cert exemption unclear; audit frequency not specified; retention period not specified; new licensee pro-rata CME unclear; military exemptions not documented; hardship waiver criteria not published. DO-specific: Grace period policy unclear (Oct 31 vs Nov 30); child abuse 5-yr cycle mechanics unclear.",https://www.dos.pa.gov/ProfessionalLicensing/BoardsCommissions/Medicine/ (MD) https://www.pa.gov/agencies/dos/bpoa/osteopathic-medicine (DO),"(717) 783-1400 (MD) (717) 783-4858 (DO)"
PR,Puerto Rico,TIER-3,COMPLETE,85,,,PENDING,0,,,2026-01-02,2026-01-02,"Complex state. FSMB: 60 hrs/3yr, 50% in specialty area. Content-specific MULTIPLE: 2 Dengue/Chikungunya/Zika, 1 diabetes, 1 vaccination, 1 obesity prevention, 1 cardiovascular health, 3 pain management, 3 antibiotics, 4 bioethics/professionalism, remaining 44 flexible. Autism specialists: 15 hrs, pediatricians: 6 hrs. Emergency medicine providers: 20 hrs plus life support. Specialty-heavy requirements, many mandates.","Multiple specialized mandates, specialty requirements, verify all topics, research board authority",https://www.junta.pr.gov/,
RI,Rhode Island,TIER-1,COMPLETE,85,,,PENDING,0,,,2026-01-02,2026-01-02,"Simple state. FSMB: 40 hrs/2yr, all AMA Category 1 or AOA Category 1A. 2 hrs universal precautions/infection control/modes of transmission/bioterrorism/end-of-life/palliative care/OSHA/ethics/pain management. Board cert (ABMS) MOC program equivalent to meeting CME requirement.","2 hrs topic flexibility details, board cert exemption scope",https://dem.ri.gov/health/licensing/medical,
SC,South Carolina,TIER-1,COMPLETE,85,,,PENDING,0,,,2026-01-02,2026-01-02,"Simple state. FSMB: 40 hrs/2yr, all Category 1. 30 hrs must be practice area-specific. 2 hrs controlled substance prescribing/monitoring. Board cert (national specialty board - ABMS/AOA/other) exemption.","Practice area specificity details, board cert exemption scope",https://www.llr.sc.gov/medical/,
SD,South Dakota,TIER-1,COMPLETE,85,,,PENDING,0,,,2026-01-02,2026-01-02,"No set CME hours (rare). FSMB: South Dakota does not have set CME credit hours. Research why and what board requires.","Why no set hours? What verification exists? Any implicit requirements?",https://sdbn.sd.gov/,
TN,Tennessee,TIER-2,COMPLETE,82,Tennessee-MD-Renewal-Requirements-Narrative-2026-01-02.md,COMPLETE,80,Tennessee-DO-Renewal-Requirements-Narrative-2026-01-02.md,PENDING,0,,2026-01-02,RESEARCHER,"TIER 2 SPLIT-BOARD STATE (separate boards with different requirements). MD: 40 hrs/2yr AMA Category 1 only. 2 hrs mandatory controlled substance prescribing (covering TN DOH guidelines: opioids, benzodiazepines, barbiturates, carisoprodol). 8 hrs federal MATE Act training (one-time for DEA registrants, effective 6/27/23). Biennial renewal by birth month. CE Broker integration (automatic audit pass if current). DO: 40 hrs/2yr with AOA category mix (I-A unlimited, II-A unlimited, I-B max 20 hours). Same 2 hrs controlled substance prescribing requirement. Same 8 hrs federal MATE Act requirement. Fixed renewal date December 31 (different from MD). Both: Board cert exemption for pain management/anesthesiology/physical med/neurology/rheumatology specialists (2-hr requirement only). 60-day grace period before automatic revocation. Comparison table included in DO document.","MD: Audit frequency/percentage unclear; board cert exemption details; MATE Act applicability to non-DEA registrants; waiver criteria; reinstatement timeline. DO: Audit frequency; board cert exemption details; E-prescribing waiver mechanics; hardship exemption procedures; reinstatement timeline after 3-year lapse. Both: New licensee reduced requirements; military exemptions.",https://www.tn.gov/health/topic/medical-board (MD), https://www.tn.gov/health/health-program-areas/health-professional-boards/osteo-board.html (DO),(615) 532-4384 (MD), (615) 532-3202 (DO)
TX,Texas,TIER-3,COMPLETE,87,Texas-MD-Renewal-Requirements-Narrative-2026-01-02.md,PENDING,0,,,2026-01-02,RESEARCHER,"TIER 3 research complete. Comprehensive complexity: 48 hrs/2yr (24 formal AMA Cat 1, 24 informal). Mandatory topics: 2 hrs pain management, 2 hrs ethics/human trafficking, pending nutrition training (SB 25 Sept 1 2025). Specialty-specific: pain clinics 10 hrs/2yr, EMS directors 12 hrs initial + 1 hr renewal, OB/GYN Life of the Mother. DEA prescribers: 2 hrs pain mgmt (first 2 renewals then every 8 yrs). Board cert ABMS exemption (full). Renewal biennial. CME tracking verification Sept 1 2026.","Renewal fees not published; grace period/late fees not documented; nutrition CME final rule TBD; CME tracking system details TBD; Life of Mother CME hours unclear; pain clinic 10-hr integration with general 48 hrs unclear; board cert exemption pain/trafficking ambiguous; audit procedures not published",https://www.tmb.state.tx.us/,(512) 305-7000
UT,Utah,TIER-1,COMPLETE,85,,,PENDING,0,,,2026-01-02,2026-01-02,"Simple state. FSMB: 40 hrs/2yr, 34 Category 1, 6 max from Division of Occupational & Professional Licensing. 15% volunteer health care (1 CME per 4 hrs documented). Controlled substance prescribers: 3.5 hrs controlled substance courses. Suicide prevention: 1 online course from state-provided list.","Volunteer healthcare credit calculation, suicide prevention course specifics, controlled substance prescriber scope",https://dopl.utah.gov/,
VT,Vermont,TIER-2,COMPLETE,84,Vermont-MD-Renewal-Requirements-Narrative-2026-01-02.md,COMPLETE,76,Vermont-DO-Renewal-Requirements-Narrative-2026-01-02.md,PENDING,0,,2026-01-02,RESEARCHER,"TIER 2 SPLIT-BOARD STATE (completely separate regulatory structures). MD: 30 hrs/2yr AMA Category 1 only (lower than most states). 1 hr palliative/hospice/pain care (mandatory). 2 hrs controlled substance prescribing (DEA registrants only). 8 hrs federal MATE Act (one-time for DEA, effective 6/27/23). Expires November 30 of even years (FIXED DATE, no grace period). No grace period - immediate license lapse upon expiration. DO: 30 hrs/2yr with 40% minimum (12 hours) osteopathic medical education required. Same controlled substance and federal opioid requirements as MD. Same November 30 renewal date. Regulated by Vermont Secretary of State OPR (DIFFERENT from MD board under Department of Health). Key differences: Regulatory agency separation; osteopathic education requirement (DO only); different board sizes (MD 17 members, DO 5 members); different fee structures (MD $525, DO unknown). Comparison table and gap analysis complete in DO document.","MD: Late renewal penalty amounts unclear; audit frequency; new licensee pro-rata CME; military exemptions; board cert exemptions; reinstatement timeline; waiver criteria. DO: Renewal fee amounts not documented; audit frequency; board cert exemptions; new licensee calculations; hardship procedures. Both: Specific opioid CME non-DEA scope; practice requirement details; updated knowledge requirements.",https://mpb.health.vermont.gov (MD), https://sos.vermont.gov/osteopathic-physicians/ (DO),(802) 657-4223 (MD), (802) 828-1505 (DO)
VI,US Virgin Islands,TIER-1,COMPLETE,85,,,PENDING,0,,,2026-01-02,2026-01-02,"Simple territory. FSMB: 40 hrs/yr (or average 40 over 3 yrs, minimum 25/yr). Verify territory-specific regulations.","Territory-specific regulations, minimum hour mechanics",https://doh.vi.gov/,
VA,Virginia,TIER-1,COMPLETE,85,,,PENDING,0,,,2026-01-02,2026-01-02,"Simple state. FSMB: 60 hrs/2yr, 30 Category 1. Up to 15 Category 2 hrs from voluntary services to low-income (local health dept or free clinic).","Voluntary service credit calculation, board regulations",https://dhp.virginia.gov/medicine/",
WA,Washington,TIER-2,COMPLETE,85,,PENDING,0,,PENDING,0,,2026-01-02,2026-01-02,UNASSIGNED,"Split-board state WITH MAJOR DIFFERENCE. MD (WA-M): 200 hrs/4yr. May be all Category 1 or max 80 hrs each of Cat 2, 3, 4, 5. 6 hrs suicide assessment/treatment/management one-time. 2 hrs health equity every cycle. Opioid prescribing: 1 hr one-time CE. Board cert/MOC (ABMS) alternative. DO (WA-O): 150 hrs/3yr, 60 hrs Category 1. 6 hrs suicide assessment one-time. 2 hrs health equity every cycle. Opioid prescribing: 1 hr one-time CE. Board cert/MOC (ABOMS/ABMS) alternative. MAJOR: MD biennial vs DO triennial, AND MD 200/4yr vs DO 150/3yr - different cycles entirely!","MD/DO completely different renewal cycles (4yr vs 3yr), verify both boards, calculate cycle differences, research why cycles differ",https://doh.wa.gov/licenses-permits-and-certificates/find-healthcare-professional-license,
WV,West Virginia,TIER-2,COMPLETE,85,,PENDING,0,,PENDING,0,,2026-01-02,2026-01-02,UNASSIGNED,"Split-board state WITH MAJOR DIFFERENCE. MD (WV-M): 50 hrs/2yr, all Category 1. 30 hrs specialty area. Up to 20 hrs medical student teaching/preceptorship. 3 hrs Board risk assessment/controlled substance training. MOC (ABMS) or postgraduate training alternatives. DO (WV-O): 32 hrs/2yr, 16 hrs AOA Category 1A/1B. 3 hrs drug diversion/controlled substance training. Clinical residency (9+ months) substitution. MAJOR: MD requires MORE hours than DO (50 vs 32), opposite of typical pattern!","MD/DO both lower but DO lower than MD (unusual), research why WV has reverse pattern, verify both boards, risk assessment requirement scope",https://sos.wv.gov/public-integrity/bom/,
WI,Wisconsin,TIER-1,COMPLETE,85,,,PENDING,0,,,2026-01-02,2026-01-02,"Simple state. FSMB: 30 hrs/2yr, all Category 1. 2 hrs opioid/controlled substance prescribing. DEA-only requirement: 8 hrs opioid use disorder (separate from state requirement).","Opioid CME vs DEA requirement differentiation, interaction between state and federal requirements",https://dsps.wi.gov/,
WY,Wyoming,TIER-1,COMPLETE,85,,,PENDING,0,,,2026-01-02,2026-01-02,"Simple state. FSMB: 60 hrs/3yr, all Category 1 or 2. Controlled substance licensees: 1 hr responsible prescribing/substance use every 2 yrs. Board accepts AMA-approved Category 1/II, AOA-approved, current AMA PRA, or ABMS specialty board cert/recert.","Controlled substance prescriber scope, board cert exemption scope",https://health.wyo.gov/",
